id;Q5-5. Overall quality of local police protection;Q5-6. The visibility of police in neighborhoods;Q5-7. The Town's efforts to prevent crime;Q5-8. How quickly police respond to emergencies;Q5-9. Enforcement of local traffic laws;Q5-10. Police safety education programs;Q5-11. Chapel Hill Police Department's overall performance;Q5-12. The attitude and behavior of Police Department personnel toward residents;Q5-13. The level of safety and security in your neighborhood;LATITUDE;LONGITUDE;location
128;Very Satisfied;Very Satisfied;Very Satisfied;Very Satisfied;Very Satisfied;Don't Know;Very Satisfied;Very Satisfied;Very Satisfied;35.936793;-79.009093;35.9364078538,-79.00798221
169;Very Satisfied;Very Satisfied;Very Satisfied;Very Satisfied;Satisfied;Don't Know;Very Satisfied;Very Satisfied;Very Satisfied;35.885971;-79.068602;35.8865030641,-79.0700515947
243;Very Satisfied;Satisfied;Satisfied;Don't Know;Neutral;Don't Know;Satisfied;Satisfied;Satisfied;35.916738;-79.051458;35.9188791189,-79.0516470786
308;Very Satisfied;Very Satisfied;Very Satisfied;Very Satisfied;Very Satisfied;Very Satisfied;Very Satisfied;Very Satisfied;Very Satisfied;35.930567;-79.037673;35.9313960308,-79.0359954339
338;Neutral;Neutral;Satisfied;Don't Know;Neutral;Don't Know;Neutral;Don't Know;Satisfied;35.962443;-79.025723;35.962615938,-79.0270868823
379;Very Satisfied;Very Satisfied;Very Satisfied;Very Satisfied;Very Satisfied;Very Satisfied;Very Satisfied;Very Satisfied;Very Satisfied;35.928803;-79.012674;35.9275724017,-79.0142745961
384;Satisfied;Satisfied;Satisfied;Satisfied;Satisfied;Satisfied;Satisfied;Satisfied;Satisfied;35.947161;-79.038046;35.9464407751,-79.0357476867
13;Very Satisfied;Very Satisfied;Very Satisfied;Very Satisfied;Very Satisfied;Very Satisfied;Very Satisfied;Very Satisfied;Very Satisfied;35.930871;-79.002174;35.9305961034,-79.0047849334
25;Satisfied;Neutral;Satisfied;Don't Know;Neutral;Neutral;Neutral;Neutral;Satisfied;35.903023;-79.007778;35.9046607529,-79.0069993762
186;Neutral;Neutral;Don't Know;Don't Know;Satisfied;Don't Know;Satisfied;Satisfied;Satisfied;35.958294;-79.056294;35.9571801369,-79.0542460736
151;Satisfied;Satisfied;Don't Know;Don't Know;Satisfied;Don't Know;Satisfied;Satisfied;Satisfied;35.92446;-79.009601;35.9222876174,-79.0102450184
159;Satisfied;Satisfied;Satisfied;Satisfied;Satisfied;Neutral;Satisfied;Satisfied;Satisfied;35.948374;-79.020908;35.9497051394,-79.0194893496
270;Very Satisfied;Very Satisfied;Very Satisfied;Very Satisfied;Don't Know;Very Satisfied;Very Satisfied;Very Satisfied;Very Satisfied;35.94713;-79.044138;35.9458787427,-79.0456142235
232;Satisfied;Very Satisfied;Satisfied;Don't Know;Satisfied;Satisfied;Satisfied;Satisfied;Satisfied;35.922527;-79.047771;35.9229901986,-79.0467182225
369;Very Satisfied;Very Satisfied;Don't Know;Very Satisfied;Very Dissatisfied;Don't Know;Very Satisfied;Don't Know;Satisfied;35.958733;-79.061182;35.9561533203,-79.0602775677
405;Satisfied;Satisfied;Don't Know;Satisfied;Satisfied;Don't Know;Satisfied;Very Satisfied;Satisfied;35.93005;-79.041869;35.931276339,-79.0416060978
378;Satisfied;Neutral;Neutral;Satisfied;Neutral;Don't Know;Neutral;Neutral;Neutral;35.924599;-79.015692;35.9235678139,-79.0136622482
323;Very Satisfied;Very Satisfied;Satisfied;Satisfied;Very Satisfied;Very Satisfied;Satisfied;Satisfied;Satisfied;35.955015;-79.02398;35.9530206423,-79.0246407063
359;Satisfied;Satisfied;Satisfied;Satisfied;Neutral;Don't Know;Satisfied;Satisfied;Satisfied;35.9163;-79.050659;35.9151782609,-79.0512465311
87;Very Satisfied;Satisfied;Very Satisfied;Very Satisfied;Dissatisfied;Very Satisfied;Very Satisfied;Very Satisfied;Very Satisfied;35.898377;-79.048756;35.8974278077,-79.0507100946
60;Very Satisfied;Very Satisfied;Very Satisfied;Very Satisfied;Very Satisfied;Very Satisfied;Very Satisfied;Very Satisfied;Satisfied;35.957875;-79.04603;35.9595374557,-79.0448286628
43;Satisfied;Very Satisfied;Satisfied;Satisfied;Satisfied;Very Satisfied;Satisfied;Satisfied;Satisfied;35.941377;-79.012125;35.9434656705,-79.0119989335
282;Very Satisfied;Very Satisfied;Very Satisfied;Very Satisfied;Very Satisfied;Very Satisfied;Very Satisfied;Very Satisfied;Satisfied;35.916417;-79.053069;35.9184313871,-79.0551940002
290;Satisfied;Neutral;Don't Know;Don't Know;Satisfied;Don't Know;Satisfied;Very Satisfied;Satisfied;35.911751;-79.016322;35.9100409667,-79.0137803889
285;Neutral;Satisfied;Don't Know;Satisfied;Satisfied;Don't Know;Neutral;Neutral;Very Satisfied;35.923563;-79.053548;35.922595187,-79.0520594566
291;Satisfied;Satisfied;Satisfied;Don't Know;Satisfied;Satisfied;Satisfied;Satisfied;Satisfied;35.910091;-79.037862;35.910082444,-79.0395886047
111;Very Satisfied;Very Satisfied;Very Satisfied;Very Satisfied;Very Satisfied;Very Satisfied;Very Satisfied;Very Satisfied;Very Satisfied;35.950462;-79.040399;35.9512489143,-79.0381435671
105;Very Satisfied;Very Satisfied;Very Satisfied;Very Satisfied;Very Satisfied;Very Satisfied;Very Satisfied;Very Satisfied;Very Satisfied;35.904624;-79.065709;35.9065596907,-79.0649255039
117;Very Satisfied;Very Satisfied;Very Satisfied;Very Satisfied;Very Satisfied;Very Satisfied;Neutral;Very Satisfied;Very Satisfied;35.886579;-79.072529;35.8871362524,-79.0752175716
124;Very Satisfied;Very Satisfied;Neutral;Very Satisfied;Neutral;Don't Know;Satisfied;Very Satisfied;Very Satisfied;35.925915;-79.072528;35.9251972901,-79.0739208996
20;Neutral;Very Dissatisfied;Neutral;Neutral;Neutral;Don't Know;Neutral;Neutral;Very Dissatisfied;35.895368;-79.067246;35.8929105191,-79.0673211932
221;Dissatisfied;Very Dissatisfied;Very Dissatisfied;Satisfied;Satisfied;Don't Know;Dissatisfied;Very Satisfied;Dissatisfied;35.958224;-79.053653;35.9606962512,-79.053316003
231;Very Satisfied;Satisfied;Satisfied;Don't Know;Satisfied;Don't Know;Satisfied;Very Satisfied;Very Satisfied;35.960891;-79.025073;35.9606595299,-79.0239722955
234;Satisfied;Satisfied;Neutral;Satisfied;Very Satisfied;Don't Know;Satisfied;Satisfied;Satisfied;35.889883;-79.071429;35.8903279177,-79.0698331364
206;Satisfied;Satisfied;Satisfied;Satisfied;Dissatisfied;Neutral;Satisfied;Satisfied;Satisfied;35.932773;-79.069348;35.9316188364,-79.0711248916
214;Satisfied;Neutral;Neutral;Satisfied;Neutral;Don't Know;Satisfied;Satisfied;Satisfied;35.921373;-79.039397;35.9216124675,-79.0379463263
394;Satisfied;Satisfied;Satisfied;Satisfied;Satisfied;Neutral;Very Satisfied;Very Satisfied;Very Satisfied;35.96489;-79.05687;35.9627359901,-79.0565042754
370;Neutral;Neutral;Neutral;Satisfied;Very Dissatisfied;Don't Know;Neutral;Neutral;Neutral;35.897581;-79.059935;35.8962533488,-79.0599129672
174;Satisfied;Neutral;Satisfied;Very Satisfied;Satisfied;Satisfied;Satisfied;Very Satisfied;Neutral;35.940877;-79.040081;35.93876661,-79.0413553239
160;Satisfied;Satisfied;Neutral;Satisfied;Satisfied;Satisfied;Satisfied;Satisfied;Neutral;35.912603;-79.023403;35.910657715,-79.0235719174
116;Very Satisfied;Very Satisfied;Very Satisfied;Satisfied;Very Satisfied;Very Satisfied;Very Satisfied;Very Satisfied;Very Satisfied;35.935113;-79.045634;35.9356592829,-79.0472288626
156;Very Satisfied;Satisfied;Satisfied;Satisfied;Satisfied;Satisfied;Satisfied;Very Satisfied;Very Satisfied;35.8898;-79.062801;35.8900731895,-79.0612171856
408;Dissatisfied;Very Dissatisfied;Satisfied;Neutral;Very Dissatisfied;Neutral;Neutral;Dissatisfied;Dissatisfied;35.925156;-79.041335;35.9250073922,-79.0440319485
235;Satisfied;Very Satisfied;Don't Know;Don't Know;Satisfied;Don't Know;Satisfied;Satisfied;Satisfied;35.922902;-79.014659;35.9238154976,-79.0124792377
64;Don't Know;Neutral;Don't Know;Dissatisfied;Don't Know;Don't Know;Satisfied;Don't Know;Very Satisfied;35.916439;-79.019171;35.9164273363,-79.0222931881
45;Satisfied;Satisfied;Satisfied;Satisfied;Dissatisfied;Dissatisfied;Satisfied;Satisfied;Satisfied;35.949572;-79.054183;35.9476568474,-79.0557422793
83;Very Satisfied;Very Satisfied;Very Satisfied;Very Satisfied;Very Satisfied;Don't Know;Very Satisfied;Very Satisfied;Very Satisfied;35.946952;-79.019561;35.9483385562,-79.0211914577
333;Satisfied;Dissatisfied;Satisfied;Satisfied;Satisfied;Neutral;Very Satisfied;Very Satisfied;Neutral;35.904456;-79.038307;35.9039902451,-79.0363458933
7;Satisfied;Satisfied;Satisfied;Don't Know;Satisfied;Satisfied;Satisfied;Satisfied;Satisfied;35.892699;-79.065409;35.8938965769,-79.0637241025
228;Very Satisfied;Satisfied;Neutral;Satisfied;Dissatisfied;Neutral;Satisfied;Very Satisfied;Very Satisfied;35.913641;-79.031624;35.913772344,-79.0335542211
247;Satisfied;Satisfied;Satisfied;Satisfied;Satisfied;Satisfied;Satisfied;Satisfied;Satisfied;35.894933;-79.072469;35.8938184368,-79.0734945995
122;Very Satisfied;Very Satisfied;Satisfied;Don't Know;Very Satisfied;Don't Know;Very Satisfied;Very Satisfied;Very Satisfied;35.913199;-79.055844;35.9152311575,-79.0557193388
120;Satisfied;Dissatisfied;Satisfied;Satisfied;Very Dissatisfied;Neutral;Satisfied;Satisfied;Satisfied;35.901376;-79.057679;35.9000948849,-79.0564862246
135;Neutral;Neutral;Neutral;Satisfied;Very Dissatisfied;Don't Know;Neutral;Neutral;Satisfied;35.90906;-79.011126;35.9116567352,-79.0109725404
295;Satisfied;Neutral;Satisfied;Satisfied;Neutral;Neutral;Satisfied;Satisfied;Satisfied;35.882225;-79.072223;35.8815970571,-79.0706361443
28;Satisfied;Dissatisfied;Neutral;Satisfied;Dissatisfied;Don't Know;Satisfied;Satisfied;Dissatisfied;35.925994;-79.061166;35.925198842,-79.0583821534
373;Very Satisfied;Satisfied;Satisfied;Very Satisfied;Satisfied;Very Satisfied;Very Satisfied;Very Satisfied;Satisfied;35.942207;-79.004656;35.9421581899,-79.0033133166
392;Satisfied;Neutral;Don't Know;Neutral;Dissatisfied;Satisfied;Satisfied;Satisfied;Satisfied;35.909379;-79.023899;35.9084023275,-79.0265451327
390;Satisfied;Neutral;Neutral;Don't Know;Neutral;Don't Know;Satisfied;Don't Know;Satisfied;35.886573;-79.071548;35.8876521936,-79.0697443225
393;Satisfied;Neutral;Neutral;Satisfied;Satisfied;Neutral;Satisfied;Satisfied;Satisfied;35.913199;-79.055844;35.9125417944,-79.0577495574
55;Very Satisfied;Very Satisfied;Satisfied;Very Satisfied;Very Satisfied;Very Satisfied;Very Satisfied;Very Satisfied;Very Satisfied;35.962839;-79.026309;35.963463007,-79.0237557803
74;Satisfied;Satisfied;Don't Know;Satisfied;Satisfied;Don't Know;Satisfied;Neutral;Very Satisfied;35.928926;-79.043215;35.9273519972,-79.0451816664
17;Satisfied;Satisfied;Satisfied;Satisfied;Satisfied;Satisfied;Satisfied;Satisfied;Satisfied;35.924454;-79.015955;35.9240482065,-79.0149322023
339;Very Satisfied;Neutral;Don't Know;Very Satisfied;Neutral;Don't Know;Satisfied;Very Satisfied;Satisfied;35.918306;-79.049022;35.9189162132,-79.0517666929
328;Satisfied;Satisfied;Don't Know;Satisfied;Satisfied;Don't Know;Don't Know;Don't Know;Satisfied;35.929023;-79.069025;35.9280199871,-79.0697523428
310;Don't Know;Dissatisfied;Don't Know;Don't Know;Don't Know;Don't Know;Don't Know;Don't Know;Neutral;35.954438;-79.01193;35.9566364575,-79.0121075194
211;Don't Know;Satisfied;Satisfied;Very Satisfied;Very Satisfied;Don't Know;Very Satisfied;Very Satisfied;Very Satisfied;35.930379;-79.072233;35.9313628305,-79.0719028945
197;Very Satisfied;Satisfied;Satisfied;Very Satisfied;Satisfied;Don't Know;Very Satisfied;Very Satisfied;Satisfied;35.964784;-79.029491;35.9638672926,-79.0292917581
210;Very Satisfied;Very Satisfied;Don't Know;Very Satisfied;Don't Know;Don't Know;Don't Know;Satisfied;Very Satisfied;35.93965;-79.050388;35.9380479747,-79.0501959689
178;Very Satisfied;Very Satisfied;Very Satisfied;Don't Know;Very Satisfied;Very Satisfied;Very Satisfied;Very Satisfied;Satisfied;35.920724;-79.067763;35.9232091335,-79.0670869607
153;Very Satisfied;Satisfied;Very Satisfied;Very Satisfied;Very Satisfied;Satisfied;Very Satisfied;Very Satisfied;Satisfied;35.940188;-79.005582;35.9411711667,-79.0050377209
50;Very Satisfied;Very Satisfied;Satisfied;Very Satisfied;Satisfied;Satisfied;Satisfied;Very Satisfied;Very Satisfied;35.94151;-79.052048;35.9399286749,-79.0530687935
79;Satisfied;Very Satisfied;Neutral;Very Satisfied;Neutral;Satisfied;Very Satisfied;Very Satisfied;Very Satisfied;35.906902;-79.016901;35.9067428073,-79.0140991478
57;Satisfied;Satisfied;Satisfied;Don't Know;Dissatisfied;Don't Know;Satisfied;Don't Know;Satisfied;35.949143;-79.023923;35.9479792155,-79.0217487468
249;Satisfied;Don't Know;Don't Know;Very Satisfied;Don't Know;Don't Know;Don't Know;Satisfied;Satisfied;35.950503;-79.040946;35.9495141037,-79.0409560393
101;Satisfied;Satisfied;Neutral;Satisfied;Neutral;Don't Know;Satisfied;Satisfied;Satisfied;35.944845;-79.022038;35.9455661328,-79.0247428614
95;Satisfied;Satisfied;Satisfied;Satisfied;Satisfied;Satisfied;Satisfied;Satisfied;Satisfied;35.961346;-79.061656;35.9600065861,-79.0603280925
114;Satisfied;Neutral;Neutral;Satisfied;Neutral;Satisfied;Satisfied;Satisfied;Neutral;35.926292;-79.013839;35.925574888,-79.0158648316
391;Neutral;Neutral;Neutral;Satisfied;Neutral;Satisfied;Neutral;Neutral;Neutral;35.925739;-79.017842;35.9238679452,-79.0189250605
372;Satisfied;Satisfied;Satisfied;Satisfied;Neutral;Satisfied;Very Satisfied;Very Satisfied;Satisfied;35.965617;-79.047685;35.964622209,-79.048783959
349;Satisfied;Neutral;Satisfied;Don't Know;Neutral;Satisfied;Satisfied;Very Satisfied;Satisfied;35.948082;-79.028034;35.948827379,-79.0266213425
4;Very Satisfied;Very Satisfied;Dissatisfied;Satisfied;Satisfied;Neutral;Very Satisfied;Neutral;Very Satisfied;35.913896;-79.004905;35.9141257868,-79.002885632
149;Very Satisfied;Very Satisfied;Don't Know;Don't Know;Don't Know;Don't Know;Don't Know;Don't Know;Very Satisfied;35.920378;-79.000555;35.9220460438,-79.001572791
152;Satisfied;Neutral;Don't Know;Don't Know;Dissatisfied;Don't Know;Satisfied;Don't Know;Satisfied;35.883077;-79.065921;35.8821792173,-79.0633369612
143;Satisfied;Neutral;Satisfied;Very Satisfied;Neutral;Satisfied;Satisfied;Satisfied;Satisfied;35.957955;-79.051425;35.9582373522,-79.0537567309
213;Very Satisfied;Satisfied;Very Satisfied;Very Satisfied;Very Satisfied;Satisfied;Very Satisfied;Very Satisfied;Very Satisfied;35.941531;-79.051323;35.9428416455,-79.054082121
171;Very Satisfied;Satisfied;Satisfied;Satisfied;Satisfied;Satisfied;Very Satisfied;Very Satisfied;Satisfied;35.959847;-79.063938;35.9601692036,-79.0654783832
187;Don't Know;Don't Know;Neutral;Don't Know;Dissatisfied;Don't Know;Neutral;Neutral;Satisfied;35.912347;-79.058084;35.9106783924,-79.0595926473
368;Very Satisfied;Very Satisfied;Neutral;Very Satisfied;Very Satisfied;Neutral;Very Satisfied;Very Satisfied;Very Satisfied;35.920351;-79.000267;35.9207671471,-78.9971536164
281;Satisfied;Very Satisfied;Very Satisfied;Very Satisfied;Very Satisfied;Very Satisfied;Very Satisfied;Neutral;Very Satisfied;35.947884;-79.050705;35.9469684374,-79.049730659
250;Very Satisfied;Satisfied;Don't Know;Very Satisfied;Very Satisfied;Don't Know;Very Satisfied;Satisfied;Satisfied;35.914659;-79.045051;35.9136982765,-79.0441447397
279;Satisfied;Satisfied;Don't Know;Don't Know;Neutral;Don't Know;Satisfied;Satisfied;Satisfied;35.934188;-79.034401;35.9355507021,-79.0361588207
292;Satisfied;Satisfied;Satisfied;Satisfied;Satisfied;Satisfied;Satisfied;Satisfied;Neutral;35.943868;-79.023575;35.9448698045,-79.0224337058
377;Neutral;Satisfied;Satisfied;Don't Know;Dissatisfied;Don't Know;Neutral;Dissatisfied;Satisfied;35.925375;-79.012874;35.9276313167,-79.0130276853
201;Very Satisfied;Very Satisfied;Very Satisfied;Very Satisfied;Very Satisfied;Very Satisfied;Very Satisfied;Very Satisfied;Very Satisfied;35.912763;-79.009661;35.9143485948,-79.0107226489
180;Neutral;Dissatisfied;Neutral;Neutral;Very Dissatisfied;Dissatisfied;Dissatisfied;Very Dissatisfied;Neutral;35.940187;-79.027377;35.9394939293,-79.0244790909
225;Satisfied;Neutral;Satisfied;Very Satisfied;Dissatisfied;Don't Know;Satisfied;Very Satisfied;Satisfied;35.938727;-79.037354;35.9397243163,-79.0353947117
220;Very Satisfied;Satisfied;Satisfied;Very Satisfied;Satisfied;Don't Know;Satisfied;Satisfied;Satisfied;35.931397;-79.033092;35.9316232848,-79.0347982412
202;Very Satisfied;Satisfied;Satisfied;Satisfied;Satisfied;Satisfied;Satisfied;Satisfied;Satisfied;35.958415;-79.040352;35.9577428462,-79.04161541
170;Satisfied;Neutral;Satisfied;Satisfied;Neutral;Satisfied;Satisfied;Satisfied;Satisfied;35.96087;-79.065524;35.9603595864,-79.0638735977
126;Very Satisfied;Very Satisfied;Very Satisfied;Very Satisfied;Satisfied;Don't Know;Very Satisfied;Very Satisfied;Satisfied;35.921629;-79.016743;35.9214205629,-79.018023484
137;Satisfied;Satisfied;Satisfied;Satisfied;Satisfied;Satisfied;Satisfied;Satisfied;Satisfied;35.917892;-79.037664;35.9167157689,-79.0357572096
226;Very Satisfied;Very Satisfied;Very Satisfied;Satisfied;Very Satisfied;Satisfied;Very Satisfied;Very Satisfied;Very Satisfied;35.965194;-79.026341;35.9641027757,-79.0270123697
257;Satisfied;Satisfied;Very Satisfied;Satisfied;Dissatisfied;Don't Know;Satisfied;Satisfied;Very Satisfied;35.921233;-79.051902;35.9208823125,-79.0552040596
248;Satisfied;Neutral;Satisfied;Don't Know;Neutral;Don't Know;Satisfied;Satisfied;Satisfied;35.948038;-79.024791;35.9471505107,-79.0235833574
399;Satisfied;Satisfied;Satisfied;Satisfied;Satisfied;Satisfied;Satisfied;Very Satisfied;Satisfied;35.946752;-79.048217;35.9445205514,-79.0491188022
353;Satisfied;Satisfied;Satisfied;Satisfied;Satisfied;Satisfied;Very Satisfied;Very Satisfied;Very Satisfied;35.88316;-79.067152;35.8845475518,-79.0682163185
84;Very Satisfied;Very Satisfied;Satisfied;Very Satisfied;Very Satisfied;Very Satisfied;Very Satisfied;Very Satisfied;Satisfied;35.931519;-79.004269;35.9329756977,-79.0044939239
311;Very Satisfied;Satisfied;Satisfied;Very Satisfied;Very Satisfied;Don't Know;Satisfied;Satisfied;Very Satisfied;35.950948;-79.04774;35.9520839785,-79.0473048965
294;Very Satisfied;Satisfied;Very Satisfied;Very Satisfied;Very Satisfied;Satisfied;Satisfied;Neutral;Satisfied;35.928389;-79.072749;35.9296214527,-79.0729389776
296;Don't Know;Don't Know;Don't Know;Don't Know;Don't Know;Don't Know;Don't Know;Neutral;Neutral;35.943041;-79.007111;35.9439132344,-79.0090539091
104;Satisfied;Neutral;Don't Know;Satisfied;Satisfied;Don't Know;Satisfied;Satisfied;Neutral;35.919669;-79.045694;35.9206289262,-79.0452673487
12;Satisfied;Neutral;Neutral;Satisfied;Neutral;Neutral;Satisfied;Satisfied;Satisfied;35.925553;-79.066669;35.9248614903,-79.0653646468
203;Satisfied;Neutral;Satisfied;Satisfied;Satisfied;Don't Know;Satisfied;Don't Know;Satisfied;35.933122;-79.068771;35.9335754845,-79.0707733217
215;Satisfied;Satisfied;Satisfied;Satisfied;Satisfied;Don't Know;Satisfied;Satisfied;Satisfied;35.934886;-79.011729;35.9344229811,-79.0102808699
347;Very Satisfied;Satisfied;Satisfied;Very Satisfied;Very Satisfied;Very Satisfied;Very Satisfied;Very Satisfied;Very Satisfied;35.886937;-79.07114;35.8891360414,-79.070951096
348;Satisfied;Satisfied;Satisfied;Satisfied;Satisfied;Satisfied;Satisfied;Very Satisfied;Very Satisfied;35.890461;-79.07707;35.8920967347,-79.0769372617
172;Very Satisfied;Satisfied;Satisfied;Very Satisfied;Very Satisfied;Satisfied;Satisfied;Very Satisfied;Very Satisfied;35.921576;-79.06823;35.9200198817,-79.0673267032
182;Dissatisfied;Dissatisfied;Very Dissatisfied;Don't Know;Don't Know;Don't Know;Neutral;Satisfied;Neutral;35.891744;-79.07043;35.8928872161,-79.0696553071
123;Satisfied;Neutral;Satisfied;Satisfied;Satisfied;Don't Know;Satisfied;Satisfied;Satisfied;35.881202;-79.071794;35.8826036108,-79.0706053522
136;Satisfied;Satisfied;Satisfied;Satisfied;Satisfied;Satisfied;Satisfied;Satisfied;Satisfied;35.918165;-79.024458;35.9171993157,-79.0218333088
398;Neutral;Neutral;Neutral;Satisfied;Don't Know;Don't Know;Neutral;Neutral;Satisfied;35.95261;-79.042627;35.951315216,-79.0409336054
259;Very Satisfied;Very Satisfied;Very Satisfied;Very Satisfied;Very Satisfied;Very Satisfied;Very Satisfied;Very Satisfied;Satisfied;35.935707;-78.999672;35.9361576914,-79.0020350511
266;Don't Know;Very Dissatisfied;Don't Know;Don't Know;Dissatisfied;Don't Know;Neutral;Satisfied;Dissatisfied;35.922485;-79.038686;35.9235187129,-79.0397579638
255;Very Satisfied;Satisfied;Satisfied;Very Satisfied;Neutral;Satisfied;Satisfied;Satisfied;Very Satisfied;35.940856;-79.047449;35.9398942682,-79.047744529
77;Satisfied;Satisfied;Satisfied;Very Satisfied;Satisfied;Satisfied;Satisfied;Very Satisfied;Satisfied;35.956749;-79.043166;35.9577300669,-79.0418978805
47;Satisfied;Don't Know;Don't Know;Satisfied;Dissatisfied;Don't Know;Satisfied;Neutral;Satisfied;35.931831;-79.012452;35.9335822305,-79.0129969927
42;Satisfied;Satisfied;Neutral;Satisfied;Very Satisfied;Neutral;Neutral;Satisfied;Satisfied;35.95693;-79.054264;35.9547639175,-79.0529943826
32;Neutral;Neutral;Dissatisfied;Neutral;Satisfied;Neutral;Neutral;Satisfied;Dissatisfied;35.933881;-79.002918;35.9338281375,-79.0051324422
78;Satisfied;Satisfied;Satisfied;Satisfied;Satisfied;Satisfied;Satisfied;Satisfied;Satisfied;35.9209;-79.032708;35.9223361426,-79.0311199897
320;Satisfied;Satisfied;Satisfied;Satisfied;Satisfied;Satisfied;Satisfied;Satisfied;Satisfied;35.895605;-79.010152;35.8951313686,-79.0132870962
6;Satisfied;Neutral;Neutral;Satisfied;Dissatisfied;Neutral;Satisfied;Satisfied;Neutral;35.914298;-79.060837;35.9133307001,-79.0603588526
260;Satisfied;Satisfied;Don't Know;Satisfied;Satisfied;Don't Know;Satisfied;Satisfied;Satisfied;35.963818;-79.047664;35.9651138312,-79.0475295497
256;Satisfied;Satisfied;Satisfied;Don't Know;Neutral;Neutral;Satisfied;Satisfied;Satisfied;35.889275;-79.072959;35.8887297089,-79.0743905355
331;Satisfied;Neutral;Satisfied;Don't Know;Satisfied;Neutral;Satisfied;Satisfied;Satisfied;35.94567;-79.048063;35.9467091494,-79.0475027452
356;Neutral;Dissatisfied;Neutral;Neutral;Neutral;Neutral;Neutral;Neutral;Neutral;35.95289;-79.009396;35.9543005361,-79.0094809878
141;Satisfied;Don't Know;Dissatisfied;Satisfied;Dissatisfied;Don't Know;Satisfied;Very Satisfied;Satisfied;35.950742;-79.05505;35.9522902264,-79.0531997848
293;Very Satisfied;Very Satisfied;Very Satisfied;Very Satisfied;Very Satisfied;Very Satisfied;Very Satisfied;Neutral;Very Satisfied;35.95356;-79.029432;35.9521897235,-79.0296870466
277;Satisfied;Dissatisfied;Satisfied;Satisfied;Satisfied;Very Satisfied;Satisfied;Satisfied;Satisfied;35.937616;-79.034021;35.93657945,-79.0338644843
286;Satisfied;Satisfied;Neutral;Very Satisfied;Satisfied;Don't Know;Satisfied;Satisfied;Satisfied;35.906602;-79.058683;35.9079303773,-79.0566770222
301;Satisfied;Dissatisfied;Satisfied;Satisfied;Dissatisfied;Satisfied;Satisfied;Satisfied;Satisfied;35.92004;-79.006509;35.9216425941,-79.0056242544
37;Very Satisfied;Very Satisfied;Very Satisfied;Very Satisfied;Very Satisfied;Very Satisfied;Very Satisfied;Very Satisfied;Very Satisfied;35.907874;-79.016266;35.9084499653,-79.0186598903
19;Neutral;Very Dissatisfied;Satisfied;Satisfied;Satisfied;Satisfied;Satisfied;Satisfied;Satisfied;35.948442;-79.074821;35.9468672625,-79.0762524328
216;Satisfied;Neutral;Neutral;Neutral;Neutral;Don't Know;Neutral;Neutral;Dissatisfied;35.924578;-79.000454;35.9236687999,-78.9992712666
200;Neutral;Neutral;Satisfied;Satisfied;Satisfied;Don't Know;Satisfied;Neutral;Neutral;35.954918;-79.027778;35.9539399073,-79.0282452598
52;Very Satisfied;Very Satisfied;Satisfied;Satisfied;Neutral;Don't Know;Very Satisfied;Very Satisfied;Very Satisfied;35.955331;-79.025349;35.9551433776,-79.0267769924
68;Satisfied;Neutral;Satisfied;Don't Know;Satisfied;Don't Know;Satisfied;Don't Know;Satisfied;35.892885;-79.063041;35.8929969775,-79.0606566833
67;Satisfied;Satisfied;Satisfied;Neutral;Satisfied;Neutral;Satisfied;Neutral;Satisfied;35.895199;-79.068004;35.8927298366,-79.0669062605
58;Satisfied;Satisfied;Satisfied;Neutral;Neutral;Neutral;Neutral;Neutral;Satisfied;35.925156;-79.041335;35.9235500224,-79.0401092375
340;Don't Know;Satisfied;Satisfied;Satisfied;Satisfied;Don't Know;Neutral;Neutral;Very Satisfied;35.922796;-79.056641;35.9214935797,-79.0574136745
341;Satisfied;Satisfied;Satisfied;Satisfied;Satisfied;Satisfied;Satisfied;Satisfied;Satisfied;35.968971;-79.068671;35.9672544657,-79.0684914455
297;Satisfied;Satisfied;Satisfied;Very Satisfied;Dissatisfied;Don't Know;Neutral;Satisfied;Satisfied;35.905788;-79.06744;35.9045355375,-79.06858748
207;Satisfied;Satisfied;Satisfied;Satisfied;Very Satisfied;Very Satisfied;Neutral;Satisfied;Very Satisfied;35.93929;-79.053066;35.9368956032,-79.0521287912
195;Satisfied;Satisfied;Satisfied;Don't Know;Don't Know;Don't Know;Satisfied;Don't Know;Very Satisfied;35.916434;-79.033452;35.9150376386,-79.0306349846
158;Satisfied;Neutral;Dissatisfied;Don't Know;Neutral;Don't Know;Satisfied;Satisfied;Neutral;35.909375;-79.020742;35.9082198193,-79.0212178352
191;Satisfied;Satisfied;Neutral;Don't Know;Neutral;Don't Know;Satisfied;Satisfied;Satisfied;35.933606;-79.040734;35.9351484267,-79.0433911642
175;Neutral;Neutral;Neutral;Don't Know;Neutral;Neutral;Neutral;Dissatisfied;Satisfied;35.93943;-79.028827;35.9372520849,-79.0271511176
31;Very Satisfied;Very Satisfied;Very Satisfied;Very Satisfied;Very Satisfied;Very Satisfied;Very Satisfied;Very Satisfied;Very Satisfied;35.907764;-79.059423;35.907801317,-79.0605910735
46;Neutral;Neutral;Don't Know;Don't Know;Neutral;Don't Know;Neutral;Neutral;Dissatisfied;35.958088;-79.062061;35.9581334929,-79.0593218309
56;Neutral;Neutral;Neutral;Satisfied;Satisfied;Satisfied;Satisfied;Satisfied;Satisfied;35.955214;-79.02366;35.9557452842,-79.0208589299
242;Satisfied;Satisfied;Don't Know;Satisfied;Very Satisfied;Don't Know;Satisfied;Satisfied;Satisfied;35.908307;-79.014913;35.9098878282,-79.0125310251
346;Very Satisfied;Satisfied;Very Satisfied;Very Satisfied;Very Satisfied;Very Satisfied;Very Satisfied;Very Satisfied;Very Satisfied;35.895594;-79.041398;35.8964672316,-79.0385846696
1;Very Satisfied;Very Satisfied;Very Satisfied;Very Satisfied;Very Satisfied;Very Satisfied;Very Satisfied;Very Satisfied;Very Satisfied;35.945534;-79.054232;35.9459940006,-79.0529428839
138;Very Satisfied;Very Satisfied;Very Satisfied;Very Satisfied;Very Satisfied;Very Satisfied;Very Satisfied;Very Satisfied;Very Satisfied;35.934009;-79.008553;35.9317673333,-79.0075003463
94;Very Satisfied;Very Satisfied;Very Satisfied;Very Satisfied;Very Satisfied;Very Satisfied;Very Satisfied;Very Satisfied;Very Satisfied;35.893944;-79.069619;35.8930124977,-79.0700401349
103;Very Satisfied;Very Satisfied;Very Satisfied;Very Satisfied;Very Satisfied;Satisfied;Very Satisfied;Very Satisfied;Satisfied;35.949675;-79.049178;35.9484846583,-79.048186741
98;Neutral;Neutral;Very Dissatisfied;Neutral;Neutral;Neutral;Satisfied;Very Satisfied;Dissatisfied;35.947953;-79.027934;35.9464789956,-79.0301996183
93;Satisfied;Neutral;Dissatisfied;Satisfied;Neutral;Don't Know;Neutral;Neutral;Satisfied;35.960653;-79.061931;35.9625276539,-79.0603591709
23;Very Satisfied;Satisfied;Satisfied;Satisfied;Very Satisfied;Don't Know;Very Satisfied;Very Satisfied;Very Satisfied;35.934174;-79.045584;35.9353915726,-79.0463101508
76;Very Satisfied;Neutral;Don't Know;Don't Know;Dissatisfied;Don't Know;Don't Know;Very Satisfied;Very Satisfied;35.910906;-79.02342;35.9083142166,-79.0239645745
27;Very Satisfied;Satisfied;Neutral;Very Satisfied;Neutral;Don't Know;Satisfied;Very Satisfied;Very Satisfied;35.927732;-79.066602;35.9288986728,-79.0676928199
73;Very Satisfied;Satisfied;Satisfied;Very Satisfied;Satisfied;Satisfied;Satisfied;Satisfied;Satisfied;35.939738;-79.028077;35.9385379493,-79.0283221494
62;Satisfied;Satisfied;Satisfied;Don't Know;Satisfied;Don't Know;Satisfied;Very Satisfied;Satisfied;35.944258;-79.039694;35.9452620864,-79.0423362758
51;Satisfied;Satisfied;Neutral;Neutral;Neutral;Neutral;Neutral;Neutral;Satisfied;35.946511;-79.058309;35.9455715532,-79.0590320234
209;Very Satisfied;Very Satisfied;Very Satisfied;Very Satisfied;Very Satisfied;Very Satisfied;Very Satisfied;Very Satisfied;Very Satisfied;35.957985;-79.051589;35.9587672889,-79.0523800752
218;Satisfied;Neutral;Neutral;Neutral;Satisfied;;Neutral;Satisfied;Very Satisfied;35.961307;-79.059594;35.9627334546,-79.0587368041
352;Very Satisfied;Very Satisfied;Very Satisfied;Very Satisfied;Very Satisfied;Very Satisfied;Very Satisfied;Very Satisfied;Very Satisfied;35.943718;-79.047857;35.9446061724,-79.0458980246
366;Neutral;Neutral;Dissatisfied;Neutral;Neutral;Neutral;Neutral;Neutral;Dissatisfied;35.933104;-79.040989;35.9340307015,-79.0406651677
361;Satisfied;Neutral;Neutral;Satisfied;Neutral;Neutral;Satisfied;Satisfied;Neutral;35.936802;-79.009297;35.9384202483,-79.0073357467
252;Very Satisfied;Very Satisfied;Very Satisfied;Very Satisfied;Very Satisfied;Very Satisfied;Very Satisfied;Very Satisfied;Very Satisfied;35.958817;-79.018947;35.9597359068,-79.0185896982
404;Satisfied;Neutral;Satisfied;Don't Know;Neutral;Satisfied;Satisfied;Satisfied;Neutral;35.892228;-79.071531;35.8947742787,-79.0721645452
24;Dissatisfied;Dissatisfied;Very Dissatisfied;Very Dissatisfied;Neutral;Don't Know;Dissatisfied;Dissatisfied;Neutral;35.90772;-79.062338;35.9067407404,-79.0633511859
177;Satisfied;Satisfied;Satisfied;Satisfied;Satisfied;Satisfied;Satisfied;Satisfied;Satisfied;35.950083;-79.040312;35.9510502334,-79.0410224306
127;Very Satisfied;Very Satisfied;Very Satisfied;Very Satisfied;Very Satisfied;Don't Know;Very Satisfied;Very Satisfied;Very Satisfied;35.930424;-79.024365;35.9289737234,-79.0250655497
154;Don't Know;Very Satisfied;Don't Know;Don't Know;Satisfied;Don't Know;Don't Know;Don't Know;Satisfied;35.950104;-79.059938;35.949335561,-79.0569951515
144;Satisfied;Neutral;Neutral;Neutral;Very Dissatisfied;Don't Know;Neutral;Satisfied;Dissatisfied;35.888926;-79.046923;35.8876757639,-79.04839947
165;Very Satisfied;Satisfied;Satisfied;Don't Know;Satisfied;Don't Know;Satisfied;Satisfied;Satisfied;35.933508;-79.020211;35.9336803493,-79.0217154361
261;Very Satisfied;Satisfied;Satisfied;Satisfied;Satisfied;Satisfied;Satisfied;Very Satisfied;Satisfied;35.884078;-79.066256;35.882170687,-79.0679516998
272;Satisfied;Satisfied;Satisfied;Satisfied;Satisfied;Satisfied;Satisfied;Satisfied;Satisfied;35.939957;-79.033006;35.9416594583,-79.031894726
371;Very Satisfied;Very Satisfied;Very Satisfied;Don't Know;Very Satisfied;Very Satisfied;Very Satisfied;Very Satisfied;Very Satisfied;35.962441;-79.042004;35.9640619424,-79.0442277929
406;Very Satisfied;Very Satisfied;Very Satisfied;Very Satisfied;Satisfied;Don't Know;Very Satisfied;Very Satisfied;Very Satisfied;35.936552;-79.003454;35.9364352654,-79.0014869205
363;Very Satisfied;Satisfied;Very Satisfied;Very Satisfied;Satisfied;Satisfied;Very Satisfied;Very Satisfied;Very Satisfied;35.935775;-79.030461;35.937249518,-79.0322793159
354;Neutral;Neutral;Neutral;Neutral;Satisfied;Neutral;Neutral;Neutral;Satisfied;35.953876;-79.068409;35.953932093,-79.0711831424
66;Satisfied;Satisfied;Satisfied;Very Satisfied;Neutral;Don't Know;Very Satisfied;Very Satisfied;Very Satisfied;35.921937;-79.069705;35.9210050666,-79.0704427455
30;Dissatisfied;Neutral;Dissatisfied;Dissatisfied;Dissatisfied;Don't Know;Dissatisfied;Neutral;Neutral;35.927526;-79.013827;35.9289242234,-79.012759957
300;Satisfied;Satisfied;Satisfied;Satisfied;Satisfied;Don't Know;Satisfied;Satisfied;Satisfied;35.912148;-79.015063;35.9130094472,-79.0168522912
304;Don't Know;Don't Know;Don't Know;Don't Know;Don't Know;Don't Know;Don't Know;Don't Know;Don't Know;35.924588;-78.991505;35.9247512203,-78.9937823312
96;Very Satisfied;Very Satisfied;Very Satisfied;Very Satisfied;Neutral;Don't Know;Very Satisfied;Very Satisfied;Satisfied;35.925796;-79.061324;35.9277632501,-79.0610617553
90;Satisfied;Satisfied;Satisfied;Satisfied;Satisfied;Satisfied;Satisfied;Neutral;Satisfied;35.890612;-79.074181;35.8930919554,-79.0739510878
115;Neutral;Neutral;Neutral;Neutral;Neutral;Neutral;Neutral;Neutral;Neutral;35.949361;-79.024614;35.950856055,-79.024227038
14;Very Satisfied;Satisfied;Satisfied;Don't Know;Neutral;Don't Know;Satisfied;Don't Know;Satisfied;35.904734;-79.009988;35.9056167807,-79.0102180117
2;Satisfied;Satisfied;Neutral;Satisfied;Satisfied;Neutral;Satisfied;Satisfied;Satisfied;35.948267;-79.018166;35.9493805003,-79.0183936335
357;Satisfied;Neutral;Don't Know;Satisfied;Don't Know;Don't Know;Satisfied;Dissatisfied;Satisfied;35.93952;-79.046994;35.9404724295,-79.0452488348
365;Satisfied;Neutral;Satisfied;Don't Know;Dissatisfied;Don't Know;Satisfied;Neutral;Satisfied;35.92388;-79.016283;35.9249640011,-79.0168677782
362;Satisfied;Satisfied;Satisfied;Satisfied;Satisfied;Don't Know;Satisfied;Don't Know;Satisfied;35.962657;-79.066133;35.9611479641,-79.065116021
380;Satisfied;Satisfied;Satisfied;Satisfied;Satisfied;Satisfied;Satisfied;Satisfied;Satisfied;35.929604;-79.07065;35.9309019458,-79.0707215419
360;Satisfied;Satisfied;Neutral;Don't Know;Neutral;Neutral;Neutral;Satisfied;Satisfied;35.956773;-79.017284;35.9582240916,-79.0169888719
146;Very Satisfied;Very Satisfied;Very Satisfied;Very Satisfied;Satisfied;Neutral;Satisfied;Satisfied;Satisfied;35.941738;-79.012596;35.9418554525,-79.0093019233
112;Satisfied;Neutral;Satisfied;Don't Know;Dissatisfied;Neutral;Satisfied;Very Satisfied;Satisfied;35.925783;-79.072486;35.9261193282,-79.0692165815
396;Satisfied;Neutral;Don't Know;Don't Know;Satisfied;Don't Know;Satisfied;Don't Know;Satisfied;35.947778;-79.01035;35.9464088071,-79.0094538196
258;Very Satisfied;Very Satisfied;Very Satisfied;Very Satisfied;Very Satisfied;Very Satisfied;Very Satisfied;Very Satisfied;Very Satisfied;35.892231;-79.071544;35.8929076986,-79.0703276918
262;Very Dissatisfied;Dissatisfied;Very Dissatisfied;Neutral;Satisfied;Satisfied;Very Dissatisfied;Very Satisfied;Very Dissatisfied;35.93933;-79.054967;35.9415850158,-79.0547658279
268;Satisfied;Neutral;Satisfied;Satisfied;Satisfied;Don't Know;Satisfied;Satisfied;Very Satisfied;35.945553;-79.029045;35.9468343816,-79.0315817606
22;Neutral;Neutral;Neutral;Neutral;Dissatisfied;Neutral;Neutral;Dissatisfied;Neutral;35.913199;-79.055844;35.9133238313,-79.0585437726
82;Very Satisfied;Very Satisfied;Very Satisfied;Very Satisfied;Very Satisfied;Very Satisfied;Very Satisfied;Very Satisfied;Very Satisfied;35.953655;-79.023093;35.9538388953,-79.0216996547
109;Satisfied;Satisfied;Satisfied;Satisfied;Satisfied;Don't Know;Don't Know;Don't Know;Neutral;35.962264;-79.060374;35.9624786137,-79.0584212293
287;Very Satisfied;Satisfied;Satisfied;Don't Know;Satisfied;Don't Know;Satisfied;Satisfied;Very Satisfied;35.911575;-79.007979;35.9127280598,-79.0070858505
305;Don't Know;Don't Know;Don't Know;Don't Know;Don't Know;Don't Know;Don't Know;Don't Know;Satisfied;35.908574;-79.021948;35.9092389577,-79.0204752187
332;Satisfied;Satisfied;Satisfied;Satisfied;Satisfied;Satisfied;Satisfied;Satisfied;Satisfied;35.895461;-79.03387;35.8939532819,-79.0334168299
10;Very Satisfied;Satisfied;Satisfied;Very Satisfied;Satisfied;Don't Know;Very Satisfied;Very Satisfied;Very Satisfied;35.92533;-79.019391;35.9268971384,-79.0196487681
239;Very Satisfied;Very Satisfied;Very Satisfied;Very Satisfied;Satisfied;Very Satisfied;Very Satisfied;Satisfied;Satisfied;35.956837;-79.048309;35.9556938997,-79.0457134242
230;Don't Know;Neutral;Neutral;Don't Know;Neutral;Don't Know;Don't Know;Don't Know;Satisfied;35.965274;-79.069102;35.9660064735,-79.0668933829
315;Satisfied;Satisfied;Satisfied;Satisfied;Satisfied;Don't Know;Satisfied;Satisfied;Satisfied;35.921306;-79.003885;35.9239518022,-79.0041581674
275;Very Satisfied;Very Satisfied;Very Satisfied;Very Satisfied;Satisfied;Very Satisfied;Very Satisfied;Very Satisfied;Very Satisfied;35.964026;-79.051977;35.9640776885,-79.0550309055
307;Neutral;Neutral;Neutral;Neutral;Dissatisfied;Dissatisfied;Neutral;Satisfied;Neutral;35.926791;-79.055886;35.9258036084,-79.0531202582
313;;;;;;;;;;35.937168;-79.019065;35.9354950482,-79.0198270931
40;Satisfied;Satisfied;Satisfied;Satisfied;Satisfied;Satisfied;Satisfied;Satisfied;Satisfied;35.924317;-79.063666;35.923184955,-79.0606746683
389;Very Satisfied;Neutral;Don't Know;Very Satisfied;Very Dissatisfied;Don't Know;Very Satisfied;Very Satisfied;Neutral;35.949522;-79.074034;35.9469514693,-79.0747176653
385;Satisfied;Satisfied;Satisfied;Satisfied;Satisfied;Don't Know;Satisfied;Satisfied;Satisfied;35.892218;-79.068072;35.891439118,-79.0712573651
387;Satisfied;Satisfied;Satisfied;Neutral;Neutral;Neutral;Satisfied;Satisfied;Satisfied;35.938373;-79.009157;35.9361502677,-79.0089170767
193;Very Satisfied;Satisfied;Satisfied;Very Satisfied;Dissatisfied;Neutral;Very Satisfied;Very Satisfied;Very Satisfied;35.9268;-79.071671;35.9284508836,-79.0697522666
183;Very Satisfied;Satisfied;Satisfied;Neutral;Very Satisfied;Don't Know;Satisfied;Very Satisfied;Very Satisfied;35.955833;-79.027782;35.957669019,-79.0273682034
71;Satisfied;Don't Know;Don't Know;Very Satisfied;Satisfied;Satisfied;Very Satisfied;Satisfied;Very Satisfied;35.903386;-79.060925;35.9045322994,-79.0600185825
59;Satisfied;Satisfied;Satisfied;Satisfied;Satisfied;Satisfied;Satisfied;Satisfied;Satisfied;35.943965;-79.05102;35.944129299,-79.0489896963
29;Satisfied;Neutral;Satisfied;Satisfied;Neutral;Don't Know;Satisfied;Satisfied;Satisfied;35.91432;-79.017952;35.9144846101,-79.0150120157
322;Dissatisfied;Very Dissatisfied;Dissatisfied;Dissatisfied;Neutral;Neutral;Dissatisfied;Dissatisfied;Don't Know;35.916514;-79.057968;35.9144414697,-79.0587959193
289;Don't Know;Satisfied;Satisfied;Satisfied;Satisfied;Satisfied;Satisfied;Satisfied;Dissatisfied;35.893073;-79.050296;35.8927594458,-79.0491529263
274;Don't Know;Neutral;Don't Know;Don't Know;Neutral;Don't Know;Don't Know;Don't Know;Satisfied;35.94472;-79.037509;35.9436855815,-79.0354812161
298;Neutral;Neutral;Neutral;Neutral;Neutral;Don't Know;Neutral;Dissatisfied;Neutral;35.957001;-79.043751;35.9556060325,-79.0462642828
223;Very Satisfied;Very Satisfied;Satisfied;Satisfied;Dissatisfied;Don't Know;Satisfied;Very Satisfied;Satisfied;35.927208;-79.009224;35.9261939997,-79.008921185
222;Very Satisfied;Very Satisfied;Very Satisfied;Very Satisfied;Satisfied;Don't Know;Satisfied;Satisfied;Satisfied;35.914928;-79.020189;35.9140109763,-79.0197433906
196;Satisfied;Satisfied;Don't Know;Satisfied;Don't Know;Don't Know;Satisfied;Satisfied;Satisfied;35.957744;-79.040159;35.9590113413,-79.0397919021
184;Very Satisfied;Satisfied;Satisfied;Satisfied;Satisfied;Satisfied;Satisfied;Satisfied;Satisfied;35.893277;-79.040693;35.8946649212,-79.0427028264
163;Satisfied;Neutral;Neutral;Satisfied;Dissatisfied;Neutral;Neutral;Satisfied;Satisfied;35.891609;-79.075567;35.8907948404,-79.0777673939
88;Very Satisfied;Satisfied;Satisfied;Very Satisfied;Very Satisfied;Don't Know;Very Satisfied;Very Satisfied;Very Satisfied;35.88551;-79.071015;35.8831435906,-79.0725898571
97;Very Satisfied;Satisfied;Satisfied;Very Satisfied;Very Satisfied;Very Satisfied;Very Satisfied;Very Satisfied;Satisfied;35.921837;-79.044108;35.9204465209,-79.0467082282
89;Neutral;Dissatisfied;Neutral;Neutral;Neutral;Neutral;Satisfied;Satisfied;Satisfied;35.880535;-79.067559;35.8779206314,-79.0672457446
397;Very Satisfied;Satisfied;Don't Know;Very Satisfied;Satisfied;Don't Know;Very Satisfied;Very Satisfied;Very Satisfied;35.948153;-79.038222;35.9465569398,-79.0379678304
383;Neutral;Dissatisfied;Dissatisfied;Satisfied;Very Dissatisfied;Dissatisfied;Satisfied;Satisfied;Dissatisfied;35.925156;-79.041335;35.9238568075,-79.0388540269
367;Very Dissatisfied;Dissatisfied;Very Satisfied;Neutral;Satisfied;Satisfied;Dissatisfied;Satisfied;Satisfied;35.957593;-79.045858;35.9556620545,-79.0449739596
351;Satisfied;Satisfied;Satisfied;Satisfied;Satisfied;Satisfied;Very Satisfied;Very Satisfied;Very Satisfied;35.962088;-79.043817;35.9630870301,-79.0467675483
342;Satisfied;Satisfied;Satisfied;Satisfied;Satisfied;Don't Know;Satisfied;Satisfied;Satisfied;35.922682;-79.05675;35.923278654,-79.0580832186
85;Very Satisfied;Very Satisfied;Very Satisfied;Very Satisfied;Satisfied;Don't Know;Very Satisfied;Satisfied;Very Satisfied;35.920241;-79.018859;35.9181804215,-79.0187604816
140;Dissatisfied;Dissatisfied;Dissatisfied;Dissatisfied;Satisfied;Don't Know;Neutral;Satisfied;Dissatisfied;35.896071;-79.008514;35.895007099,-79.0081710785
133;Very Satisfied;Satisfied;Satisfied;Satisfied;Satisfied;Don't Know;Satisfied;Neutral;Dissatisfied;35.952543;-79.052021;35.9521292586,-79.0506987312
48;Satisfied;Don't Know;Satisfied;Very Satisfied;Very Satisfied;Don't Know;Satisfied;Don't Know;Satisfied;35.915751;-79.057481;35.9158726196,-79.0586414153
49;;;;;;;;;;35.941541;-79.007398;35.9401754215,-79.008168343
161;Very Satisfied;Satisfied;Satisfied;Very Satisfied;Satisfied;Satisfied;Very Satisfied;Very Satisfied;Very Satisfied;35.931644;-79.016034;35.9308371798,-79.016622782
142;Neutral;Neutral;Neutral;Satisfied;Neutral;Neutral;Satisfied;Neutral;Very Satisfied;35.927128;-79.011309;35.9280632429,-79.0130419046
189;Very Satisfied;Very Satisfied;Very Satisfied;Very Satisfied;Very Satisfied;Very Satisfied;Very Satisfied;Very Satisfied;Very Satisfied;35.95454;-79.067289;35.9530142387,-79.0676641091
212;Very Satisfied;Very Satisfied;Very Satisfied;Very Satisfied;Very Satisfied;Very Satisfied;Very Satisfied;Very Satisfied;Very Satisfied;35.942972;-79.029192;35.9412137817,-79.0307863665
343;Very Satisfied;Dissatisfied;Dissatisfied;Very Satisfied;Dissatisfied;Don't Know;Satisfied;Very Satisfied;Dissatisfied;35.923163;-79.04242;35.924957313,-79.0417819667
271;Don't Know;Don't Know;Don't Know;Don't Know;Don't Know;Don't Know;Don't Know;Don't Know;Don't Know;35.896998;-79.050644;35.8984211038,-79.0487407575
280;Satisfied;Satisfied;Neutral;Don't Know;Don't Know;Don't Know;Satisfied;Neutral;Satisfied;35.966441;-79.027487;35.9647014803,-79.0291131055
381;Satisfied;Neutral;Satisfied;Satisfied;Satisfied;Satisfied;Satisfied;Satisfied;Satisfied;35.889534;-79.073049;35.891234699,-79.0705184748
407;Neutral;Neutral;Neutral;Neutral;Neutral;Neutral;Satisfied;Neutral;Neutral;35.937897;-79.013105;35.9364379955,-79.0135325275
3;Very Dissatisfied;Very Dissatisfied;Very Dissatisfied;Dissatisfied;Very Dissatisfied;Dissatisfied;Very Dissatisfied;Very Dissatisfied;Dissatisfied;35.880793;-79.063814;35.8806047605,-79.0663653799
5;Don't Know;Don't Know;Very Dissatisfied;Don't Know;Very Dissatisfied;Don't Know;Don't Know;Dissatisfied;Don't Know;35.932348;-79.02334;35.9327770918,-79.0247665386
21;Satisfied;Neutral;Neutral;Satisfied;Satisfied;Dissatisfied;Satisfied;Neutral;Satisfied;35.935949;-79.011926;35.934460674,-79.0135992442
205;Very Satisfied;Satisfied;Satisfied;Don't Know;Dissatisfied;Don't Know;Satisfied;Neutral;Very Satisfied;35.923562;-79.044206;35.9219097729,-79.0426934623
125;Satisfied;Satisfied;Satisfied;Very Satisfied;Satisfied;Neutral;Satisfied;Very Satisfied;Neutral;35.881863;-79.064318;35.8842996234,-79.0630026424
233;Very Satisfied;Satisfied;Satisfied;Satisfied;Satisfied;Don't Know;Satisfied;Satisfied;Satisfied;35.956755;-79.041205;35.9584535528,-79.0421441693
350;Satisfied;Very Satisfied;Very Satisfied;Very Satisfied;Satisfied;Don't Know;Satisfied;Very Satisfied;Satisfied;35.895476;-79.034339;35.8935635713,-79.0350976778
358;Neutral;Dissatisfied;Dissatisfied;Neutral;Neutral;Neutral;Neutral;Dissatisfied;Dissatisfied;35.96445;-79.047941;35.9642906665,-79.0456971522
75;Very Satisfied;Very Satisfied;Very Satisfied;Very Satisfied;Very Satisfied;Very Satisfied;Very Satisfied;Very Satisfied;Very Satisfied;35.955922;-79.018656;35.9562855661,-79.0158134897
54;Satisfied;Satisfied;Neutral;Satisfied;Satisfied;Very Satisfied;Satisfied;Very Satisfied;Very Satisfied;35.955966;-79.027576;35.954420207,-79.0290553786
316;Satisfied;Neutral;Satisfied;Don't Know;Satisfied;Don't Know;Satisfied;Neutral;Neutral;35.95656;-79.040121;35.9555788172,-79.0390277805
121;Satisfied;Satisfied;Satisfied;Satisfied;Satisfied;Don't Know;Don't Know;Very Satisfied;Very Satisfied;35.920361;-79.045331;35.9220005586,-79.0477183947
18;Very Satisfied;Very Satisfied;Very Satisfied;Very Satisfied;Very Satisfied;Don't Know;Very Satisfied;Very Satisfied;Very Satisfied;35.934008;-79.004179;35.9350000911,-79.0033631191
190;Very Satisfied;Very Satisfied;Satisfied;Very Satisfied;Satisfied;Very Satisfied;Very Satisfied;Very Satisfied;Very Satisfied;35.927706;-79.056221;35.9291293789,-79.0555312926
179;Very Satisfied;Very Satisfied;Very Satisfied;Very Satisfied;Neutral;Don't Know;Satisfied;Very Satisfied;Very Satisfied;35.959861;-79.035825;35.9615805476,-79.0354010146
401;Don't Know;Don't Know;Don't Know;Don't Know;Don't Know;Don't Know;Don't Know;Don't Know;Don't Know;35.947972;-79.010278;35.9475428165,-79.0122103443
269;Very Satisfied;Very Satisfied;Very Satisfied;Very Satisfied;Very Satisfied;Don't Know;Very Satisfied;Very Satisfied;Very Satisfied;35.913528;-79.024762;35.9149079808,-79.0264988733
81;Satisfied;Neutral;Dissatisfied;Satisfied;Very Satisfied;Neutral;Satisfied;Satisfied;Dissatisfied;35.958775;-79.026052;35.9592039169,-79.0277731783
99;Very Satisfied;Satisfied;Satisfied;Satisfied;Satisfied;Satisfied;Satisfied;Very Satisfied;Satisfied;35.916662;-79.05806;35.9181201059,-79.0571250546
100;Neutral;Very Dissatisfied;Neutral;Neutral;Very Dissatisfied;Neutral;Neutral;Neutral;Dissatisfied;35.922754;-79.014766;35.9222186792,-79.0138363215
317;Very Satisfied;Very Satisfied;Very Satisfied;Very Satisfied;Very Satisfied;Very Satisfied;Very Satisfied;Very Satisfied;Very Satisfied;35.943354;-79.008546;35.9417163214,-79.0095839995
337;Very Satisfied;Very Satisfied;Very Satisfied;Very Satisfied;Very Satisfied;Very Satisfied;Very Satisfied;Very Satisfied;Very Satisfied;35.966854;-79.056878;35.9649138406,-79.0555262542
312;Neutral;Dissatisfied;Neutral;Don't Know;Don't Know;Don't Know;Satisfied;Neutral;Very Satisfied;35.940136;-79.013173;35.9426787847,-79.0131569902
309;Neutral;Dissatisfied;Don't Know;Neutral;Dissatisfied;Don't Know;Don't Know;Neutral;Neutral;35.941316;-79.005808;35.9431804612,-79.0058353443
241;Very Satisfied;Very Satisfied;Very Satisfied;Very Satisfied;Very Satisfied;Very Satisfied;Very Satisfied;Very Satisfied;Very Satisfied;35.912332;-79.011717;35.911946439,-79.0129309923
254;Neutral;Neutral;Neutral;Neutral;Neutral;Neutral;Satisfied;Satisfied;Satisfied;35.973421;-79.028858;35.9742808065,-79.0299550564
325;Very Satisfied;Very Satisfied;Satisfied;Satisfied;Very Satisfied;Satisfied;Satisfied;Very Satisfied;Very Satisfied;35.961703;-79.0626;35.9592688164,-79.0613891395
326;Don't Know;Satisfied;Neutral;Very Satisfied;Dissatisfied;Don't Know;Don't Know;Very Satisfied;Very Satisfied;35.93659;-79.004241;35.9363380718,-79.0027174015
355;Satisfied;Satisfied;Satisfied;Very Satisfied;Satisfied;Don't Know;Satisfied;Very Satisfied;Satisfied;35.955733;-79.020668;35.9537089351,-79.0214540214
119;Very Satisfied;Very Satisfied;Very Satisfied;Very Satisfied;Very Satisfied;Very Satisfied;Very Satisfied;Very Satisfied;Very Satisfied;35.921569;-79.036742;35.9199883306,-79.0371338233
102;Very Satisfied;Satisfied;Satisfied;Satisfied;Neutral;Satisfied;Very Satisfied;Very Satisfied;Very Satisfied;35.931428;-79.007317;35.9310786852,-79.0094880338
129;Very Satisfied;Satisfied;Satisfied;Satisfied;Don't Know;Don't Know;Satisfied;Very Satisfied;Satisfied;35.91718;-79.019302;35.9185500716,-79.0205228227
303;Satisfied;Don't Know;Satisfied;Very Satisfied;Satisfied;Don't Know;Satisfied;Satisfied;Satisfied;35.955653;-79.016552;35.9549851911,-79.0197064831
299;Don't Know;Neutral;Neutral;Don't Know;Dissatisfied;Don't Know;Satisfied;Very Satisfied;Neutral;35.94433;-79.003288;35.9447822874,-79.0014734227
39;Very Satisfied;Very Satisfied;Very Satisfied;Very Satisfied;Very Satisfied;Very Satisfied;Very Satisfied;Very Satisfied;Very Satisfied;35.888696;-79.046743;35.8865670925,-79.0482712009
36;Very Satisfied;Very Satisfied;Very Satisfied;Very Satisfied;Satisfied;Neutral;Satisfied;Satisfied;Very Satisfied;35.906799;-79.022239;35.9080091415,-79.0225792155
157;Very Satisfied;Very Satisfied;Very Satisfied;Don't Know;Satisfied;Don't Know;Very Satisfied;Very Satisfied;Very Satisfied;35.933826;-79.005818;35.9334712511,-79.0038932772
173;Very Satisfied;Satisfied;Satisfied;Very Satisfied;Very Satisfied;Neutral;Satisfied;Very Satisfied;Satisfied;35.922226;-79.0501;35.9210765321,-79.0505970551
8;Satisfied;Satisfied;Neutral;Don't Know;Dissatisfied;Don't Know;Neutral;Satisfied;Neutral;35.884891;-79.067549;35.8861911151,-79.0651691026
16;Satisfied;Neutral;Neutral;Satisfied;Dissatisfied;Don't Know;Neutral;Neutral;Satisfied;35.921088;-79.069217;35.9224572191,-79.0710622565
319;Don't Know;Neutral;Neutral;Don't Know;Satisfied;Don't Know;Satisfied;Don't Know;Satisfied;35.956116;-79.025255;35.9552950688,-79.0263738807
330;Neutral;Satisfied;Neutral;Neutral;Neutral;Neutral;Satisfied;Satisfied;Dissatisfied;35.917259;-79.054192;35.9156170108,-79.0559662651
335;Don't Know;Neutral;Don't Know;Don't Know;Don't Know;Neutral;Neutral;Don't Know;Neutral;35.91427;-79.023356;35.9151632619,-79.022379328
321;Satisfied;Neutral;Don't Know;Neutral;Neutral;Don't Know;Neutral;Neutral;Satisfied;35.88307;-79.066652;35.8826316371,-79.0642513528
302;Very Satisfied;Very Satisfied;Very Satisfied;Very Satisfied;Very Satisfied;Very Satisfied;Very Satisfied;Very Satisfied;Very Satisfied;35.947964;-79.026754;35.9483411751,-79.025202865
288;Very Satisfied;Very Satisfied;Very Satisfied;Very Satisfied;Very Satisfied;Very Satisfied;Very Satisfied;Very Satisfied;Very Satisfied;35.906702;-79.01528;35.9091139828,-79.0156312551
314;Satisfied;Dissatisfied;Satisfied;Very Satisfied;Dissatisfied;Neutral;Satisfied;Satisfied;Satisfied;35.926847;-79.050644;35.9253410688,-79.0515381604
283;Very Satisfied;Satisfied;Satisfied;Very Satisfied;Satisfied;Satisfied;Satisfied;Satisfied;Satisfied;35.923011;-79.049471;35.9225100642,-79.0481950414
229;Very Satisfied;Very Satisfied;Very Satisfied;Very Satisfied;Very Dissatisfied;Very Satisfied;Very Satisfied;Very Dissatisfied;Very Satisfied;35.909566;-79.02429;35.9071932651,-79.022907854
199;Satisfied;Satisfied;Neutral;Neutral;Dissatisfied;Don't Know;Neutral;Neutral;Neutral;35.945657;-79.054629;35.9462634615,-79.0522890673
253;Very Satisfied;Satisfied;Satisfied;Very Satisfied;Neutral;Don't Know;Very Satisfied;Very Satisfied;Very Satisfied;35.894296;-79.065774;35.8940843845,-79.0678311968
265;Satisfied;Satisfied;Satisfied;Satisfied;Very Satisfied;Don't Know;Very Satisfied;Satisfied;Very Satisfied;35.908642;-79.00558;35.908104398,-79.0077628216
251;Satisfied;Satisfied;Satisfied;Satisfied;Satisfied;Very Satisfied;Satisfied;Satisfied;Very Satisfied;35.887351;-79.073327;35.889227348,-79.0749925073
240;Satisfied;Satisfied;Satisfied;Satisfied;Satisfied;Satisfied;Satisfied;Don't Know;Satisfied;35.906232;-79.059654;35.9051447223,-79.060937419
273;Satisfied;Neutral;Neutral;Don't Know;Satisfied;Neutral;Satisfied;Satisfied;Satisfied;35.948231;-79.019259;35.9483735002,-79.0216789487
110;Very Satisfied;Very Satisfied;Very Satisfied;Very Satisfied;Very Satisfied;Very Satisfied;Very Satisfied;Very Satisfied;Very Satisfied;35.94122;-79.044059;35.9420339635,-79.0435613296
92;Satisfied;Neutral;Satisfied;Satisfied;Dissatisfied;Don't Know;Satisfied;Don't Know;Satisfied;35.893347;-79.067651;35.8949751928,-79.0702281907
374;Very Satisfied;Very Satisfied;Very Satisfied;Very Satisfied;Very Satisfied;Very Satisfied;Very Satisfied;Very Satisfied;Very Satisfied;35.926667;-79.016422;35.9257472818,-79.0158198571
375;Very Satisfied;Very Satisfied;Neutral;Don't Know;Neutral;Don't Know;Very Satisfied;Very Satisfied;Satisfied;35.93424;-79.00673;35.9323613478,-79.0060981584
113;Don't Know;Don't Know;Don't Know;Don't Know;Neutral;Don't Know;Don't Know;Don't Know;Satisfied;35.964126;-79.043426;35.9667547694,-79.0429478917
70;Satisfied;Neutral;Don't Know;Satisfied;Don't Know;Don't Know;Neutral;Don't Know;Satisfied;35.902873;-79.058342;35.9011906815,-79.0578910873
72;Satisfied;Satisfied;Neutral;Satisfied;Satisfied;Satisfied;Satisfied;Satisfied;Neutral;35.945112;-79.030148;35.9458872092,-79.0294353161
167;Very Satisfied;Satisfied;Satisfied;Very Satisfied;Neutral;Don't Know;Satisfied;Very Satisfied;Very Satisfied;35.936425;-79.003585;35.9365951224,-79.0019775195
166;Satisfied;Satisfied;Satisfied;Satisfied;Dissatisfied;Satisfied;Satisfied;Satisfied;Satisfied;35.885395;-79.066258;35.8846297334,-79.065496967
194;Don't Know;Don't Know;Don't Know;Don't Know;Don't Know;Don't Know;Don't Know;Don't Know;Don't Know;35.943816;-79.038246;35.942437671,-79.0389803101
217;Satisfied;Satisfied;Satisfied;Satisfied;Satisfied;Satisfied;Satisfied;Satisfied;Satisfied;35.879701;-79.066995;35.8802790043,-79.0698925122
263;Satisfied;Satisfied;Satisfied;Satisfied;Satisfied;Don't Know;Satisfied;Dissatisfied;Satisfied;35.920263;-79.043935;35.9179488092,-79.0424099858
278;Neutral;Neutral;Neutral;Dissatisfied;Don't Know;Neutral;Don't Know;Satisfied;Dissatisfied;35.925909;-79.013861;35.9236449398,-79.0142841635
306;Neutral;Neutral;Neutral;Neutral;Neutral;Neutral;Neutral;Neutral;Neutral;35.920413;-79.06116;35.9189492583,-79.0629665515
395;Very Satisfied;Satisfied;Satisfied;Satisfied;Satisfied;Satisfied;Very Satisfied;Very Satisfied;Very Satisfied;35.925678;-79.014768;35.9263698991,-79.0135644965
402;Don't Know;Neutral;Don't Know;Satisfied;;;Neutral;Satisfied;Satisfied;35.94415;-79.04624;35.9455931711,-79.0458888401
185;Don't Know;Satisfied;Satisfied;Don't Know;Neutral;Don't Know;Don't Know;Don't Know;Very Satisfied;35.887628;-79.073146;35.8880029163,-79.0743734043
131;Very Dissatisfied;Very Dissatisfied;Very Dissatisfied;Don't Know;Neutral;Don't Know;Very Dissatisfied;Don't Know;Very Dissatisfied;35.922488;-79.029682;35.9214924856,-79.031432247
276;Satisfied;Neutral;Neutral;Very Satisfied;Very Satisfied;Neutral;Very Satisfied;Very Satisfied;Dissatisfied;35.947303;-79.044278;35.945827747,-79.0416900197
245;Neutral;Dissatisfied;Neutral;Satisfied;Very Dissatisfied;Don't Know;Neutral;Neutral;Satisfied;35.955814;-79.0276;35.9537399318,-79.0281473747
382;Satisfied;Neutral;Neutral;Neutral;Dissatisfied;Satisfied;Satisfied;Satisfied;Satisfied;35.88258;-79.064854;35.8813608024,-79.0619949058
364;Neutral;Satisfied;Satisfied;Don't Know;Very Dissatisfied;Don't Know;Neutral;Don't Know;Satisfied;35.900917;-79.001662;35.8989699386,-79.0015532833
336;Don't Know;Satisfied;Don't Know;Don't Know;Satisfied;Don't Know;Don't Know;Don't Know;Very Satisfied;35.886913;-79.07065;35.8848601107,-79.0692625609
318;Don't Know;Neutral;Don't Know;Don't Know;Dissatisfied;Don't Know;Don't Know;Don't Know;Satisfied;35.918434;-79.039592;35.9196484718,-79.0417655275
53;Very Satisfied;Very Satisfied;Don't Know;Don't Know;Don't Know;Don't Know;Don't Know;Don't Know;Don't Know;35.902008;-79.042823;35.9022294001,-79.0440332036
63;Satisfied;Satisfied;Don't Know;Satisfied;Satisfied;Don't Know;Satisfied;Very Satisfied;Satisfied;35.895005;-79.045955;35.8944391274,-79.0468825852
106;Don't Know;Neutral;Neutral;Satisfied;Satisfied;Satisfied;Satisfied;Don't Know;Very Satisfied;35.940446;-79.030932;35.9389905357,-79.0313780424
204;Very Satisfied;Very Satisfied;Satisfied;Very Satisfied;Satisfied;Satisfied;Very Satisfied;Very Satisfied;Very Satisfied;35.919956;-79.021333;35.9204552672,-79.023824783
219;Neutral;Neutral;Neutral;Don't Know;Satisfied;Don't Know;Satisfied;Dissatisfied;Dissatisfied;35.948527;-79.025702;35.9472839299,-79.0262903012
208;Neutral;Neutral;Neutral;Dissatisfied;Neutral;Very Satisfied;Satisfied;Very Satisfied;Neutral;35.958856;-79.060915;35.9584688687,-79.0597295751
388;Satisfied;Dissatisfied;Neutral;Satisfied;Satisfied;Neutral;Neutral;Neutral;Dissatisfied;35.908099;-79.058086;35.908797983,-79.0588873685
168;Very Satisfied;Satisfied;Don't Know;Very Satisfied;Satisfied;Don't Know;Satisfied;Very Satisfied;Very Satisfied;35.884162;-79.066229;35.8830204375,-79.0650449645
192;Satisfied;Neutral;Satisfied;Satisfied;Dissatisfied;Neutral;Satisfied;Neutral;Satisfied;35.930167;-79.072072;35.9290586716,-79.0696928476
176;Satisfied;Neutral;Neutral;Neutral;Neutral;Don't Know;Satisfied;Satisfied;Satisfied;35.909451;-79.012043;35.9113009966,-79.0142850411
181;Satisfied;Satisfied;Satisfied;Neutral;Neutral;Satisfied;Satisfied;Satisfied;Neutral;35.89643;-79.008644;35.8972994746,-79.0083266556
148;Very Satisfied;Neutral;Don't Know;Satisfied;Very Satisfied;Don't Know;Satisfied;Very Satisfied;Very Satisfied;35.906799;-79.02224;35.9062538416,-79.021071207
145;Satisfied;Very Satisfied;Satisfied;Very Satisfied;Neutral;Don't Know;Satisfied;Don't Know;Satisfied;35.912901;-79.059545;35.9126669421,-79.0615282856
139;Very Satisfied;Neutral;Neutral;Neutral;Satisfied;Don't Know;Satisfied;Don't Know;Neutral;35.951825;-79.044728;35.9543427207,-79.044276873
130;Neutral;Neutral;Neutral;Don't Know;Dissatisfied;Don't Know;Neutral;Dissatisfied;Neutral;35.958596;-79.042112;35.9570430129,-79.0421904108
411;Very Satisfied;Neutral;Satisfied;Very Satisfied;Very Satisfied;Very Satisfied;Very Satisfied;Very Satisfied;Satisfied;35.958391;-79.024505;35.957706321,-79.0234511536
400;Satisfied;Satisfied;Satisfied;Don't Know;Don't Know;Don't Know;Don't Know;Satisfied;Very Satisfied;35.931072;-79.068639;35.9299449027,-79.069643677
246;Satisfied;Satisfied;Don't Know;Don't Know;Satisfied;Don't Know;Don't Know;Don't Know;Satisfied;35.921391;-79.068266;35.9193964212,-79.0665040248
237;Neutral;Neutral;Neutral;Neutral;Neutral;Don't Know;Neutral;Don't Know;Neutral;35.895667;-79.009989;35.894580643,-79.0108160793
35;Very Satisfied;Very Satisfied;Very Satisfied;Very Satisfied;Very Satisfied;Very Satisfied;Very Satisfied;Very Satisfied;Very Satisfied;35.930362;-79.016599;35.9306675636,-79.0177823803
38;Very Satisfied;Satisfied;Satisfied;Satisfied;Satisfied;Satisfied;Satisfied;Satisfied;Satisfied;35.927786;-79.016799;35.9299990395,-79.0183339075
91;Very Satisfied;Very Satisfied;Very Satisfied;Don't Know;Very Satisfied;Don't Know;Very Satisfied;Very Satisfied;Very Satisfied;35.882204;-79.072264;35.8815959224,-79.0703626636
108;Satisfied;Satisfied;Dissatisfied;Satisfied;Neutral;Don't Know;Satisfied;Don't Know;Dissatisfied;35.923605;-79.061049;35.9247004113,-79.0598278121
107;Satisfied;Neutral;Dissatisfied;Satisfied;Satisfied;Satisfied;Satisfied;Satisfied;Dissatisfied;35.95857;-79.065114;35.9606156002,-79.0662902736
80;Neutral;Neutral;Neutral;Neutral;Satisfied;Neutral;Satisfied;Satisfied;Satisfied;35.961769;-79.036192;35.9609306646,-79.0345065107
334;Very Satisfied;Very Satisfied;Very Satisfied;Don't Know;Very Satisfied;Don't Know;Don't Know;Don't Know;Satisfied;35.952407;-79.020845;35.9536038688,-79.0197805712
9;Very Satisfied;Very Satisfied;Very Satisfied;Very Satisfied;Very Satisfied;Very Satisfied;Very Satisfied;Very Satisfied;Very Satisfied;35.890516;-79.072422;35.8879348589,-79.0718263167
264;Satisfied;Dissatisfied;Dissatisfied;Satisfied;Dissatisfied;Dissatisfied;Dissatisfied;Dissatisfied;Neutral;35.953141;-79.015683;35.9551800438,-79.0144667625
227;Satisfied;Very Satisfied;Neutral;Very Satisfied;Neutral;Don't Know;Satisfied;Very Satisfied;Satisfied;35.928519;-79.047829;35.9272312979,-79.0505905635
327;Very Satisfied;Very Satisfied;Very Satisfied;Very Satisfied;Very Satisfied;Very Satisfied;Very Satisfied;Very Satisfied;Very Satisfied;35.948783;-79.073061;35.9468849752,-79.0743858753
345;Satisfied;Satisfied;Satisfied;Satisfied;Satisfied;Satisfied;Satisfied;Satisfied;Satisfied;35.895453;-79.056815;35.8946156316,-79.0591557131
329;Satisfied;Satisfied;Satisfied;Satisfied;Satisfied;Satisfied;Satisfied;Satisfied;Satisfied;35.938067;-79.00349;35.9402057672,-79.0050442023
344;Neutral;Don't Know;Don't Know;;Neutral;Don't Know;Don't Know;Don't Know;Satisfied;35.950109;-79.037037;35.9489059385,-79.0386699685
118;Very Satisfied;Very Satisfied;Very Satisfied;Very Satisfied;Very Satisfied;Don't Know;Very Satisfied;Very Satisfied;Satisfied;35.964895;-79.024527;35.9647489689,-79.0227021806
147;Very Satisfied;Very Satisfied;Very Satisfied;Very Satisfied;Very Satisfied;Very Satisfied;Very Satisfied;Satisfied;Very Satisfied;35.945597;-79.050711;35.9439434081,-79.0484770855
134;Don't Know;Satisfied;Satisfied;Don't Know;Don't Know;Don't Know;Don't Know;Don't Know;Satisfied;35.922488;-79.064897;35.9236674418,-79.0662895708
11;Satisfied;Satisfied;Satisfied;Satisfied;Neutral;Don't Know;Satisfied;Satisfied;Satisfied;35.885232;-79.070519;35.886627425,-79.0695869853
33;Neutral;Satisfied;Neutral;Satisfied;Very Satisfied;Neutral;Neutral;Dissatisfied;Neutral;35.928986;-79.02358;35.9296975679,-79.0212868275
26;Neutral;Don't Know;Don't Know;Don't Know;Don't Know;Don't Know;Neutral;Don't Know;Satisfied;35.928609;-79.063214;35.9279372455,-79.0661489069
34;Satisfied;Satisfied;Satisfied;Satisfied;Satisfied;Neutral;Satisfied;Satisfied;Satisfied;35.928154;-79.0132;35.9271736735,-79.0133715679
386;Satisfied;Dissatisfied;Satisfied;Very Satisfied;Very Satisfied;Very Satisfied;Satisfied;Very Satisfied;Dissatisfied;35.929839;-79.011425;35.9283096303,-79.0126923305
409;Don't Know;Neutral;Neutral;Don't Know;Very Dissatisfied;Don't Know;Neutral;Neutral;Satisfied;35.895716;-79.055536;35.8967821214,-79.0543797479
403;Neutral;Dissatisfied;Neutral;Don't Know;Satisfied;Don't Know;Neutral;Don't Know;Neutral;35.890547;-79.073618;35.8905578712,-79.070740952
162;Very Satisfied;Very Satisfied;Don't Know;Don't Know;Very Satisfied;Very Satisfied;Very Satisfied;Don't Know;Very Satisfied;35.886013;-79.074236;35.8846826077,-79.0715338313
198;Very Satisfied;Satisfied;Satisfied;Don't Know;Very Satisfied;Don't Know;Very Satisfied;Very Satisfied;Very Satisfied;35.956574;-79.030032;35.9555851174,-79.0300496261
224;Satisfied;Satisfied;Satisfied;Very Satisfied;Satisfied;Satisfied;Satisfied;Satisfied;Satisfied;35.955274;-79.027909;35.9550089681,-79.0300993448
164;Satisfied;Neutral;Satisfied;Neutral;Neutral;Neutral;Neutral;Satisfied;Satisfied;35.950186;-79.073182;35.9492463816,-79.0724826666
44;Very Satisfied;Very Satisfied;Very Satisfied;Very Satisfied;Very Satisfied;Satisfied;Very Satisfied;Very Satisfied;Very Satisfied;35.936494;-79.006029;35.9359439832,-79.0037339574
61;Satisfied;Dissatisfied;Neutral;Satisfied;Satisfied;Neutral;Satisfied;Satisfied;Neutral;35.890697;-79.0717;35.8915523628,-79.0739643103
15;Very Satisfied;Very Satisfied;Very Satisfied;Very Satisfied;Very Satisfied;Very Satisfied;Very Satisfied;Very Satisfied;Very Satisfied;35.893694;-79.071401;35.8931844621,-79.0699014436
324;Satisfied;Satisfied;Satisfied;Satisfied;Satisfied;Satisfied;Satisfied;Satisfied;Satisfied;35.940968;-79.048411;35.9400152777,-79.0471827742
284;Very Satisfied;Satisfied;Don't Know;Very Satisfied;Neutral;Don't Know;Satisfied;Satisfied;Neutral;35.921826;-79.048683;35.9223010044,-79.04622523
236;Neutral;Neutral;Neutral;Don't Know;Neutral;Neutral;Neutral;Neutral;Neutral;35.944603;-79.046015;35.9465129406,-79.0457470216
155;Very Satisfied;Very Satisfied;Satisfied;Very Satisfied;Satisfied;Don't Know;Very Satisfied;Very Satisfied;Very Satisfied;35.908331;-79.011192;35.9097517615,-79.0136980855
188;Satisfied;Satisfied;Satisfied;Neutral;Satisfied;Neutral;Satisfied;Don't Know;Satisfied;35.956761;-79.065946;35.9580746532,-79.0651217233
41;Neutral;Satisfied;Neutral;Don't Know;Dissatisfied;Don't Know;Satisfied;Satisfied;Satisfied;35.947817;-79.028097;35.9479755108,-79.0292515175
69;Satisfied;Satisfied;Neutral;Don't Know;Satisfied;Don't Know;Satisfied;Satisfied;Satisfied;35.919015;-79.064088;35.9197611124,-79.0653029829
65;Satisfied;Satisfied;Satisfied;Satisfied;Satisfied;Satisfied;Satisfied;Satisfied;Satisfied;35.944883;-79.037732;35.9463546128,-79.0358852109
86;Satisfied;Satisfied;Neutral;Neutral;Neutral;Neutral;Satisfied;Satisfied;Satisfied;35.950602;-79.022212;35.951216577,-79.0234526355
267;Don't Know;Satisfied;Don't Know;Don't Know;Satisfied;Don't Know;Don't Know;Don't Know;Satisfied;35.950051;-79.016323;35.950675067,-79.0179521036
244;Satisfied;Satisfied;Satisfied;Satisfied;Satisfied;Satisfied;Satisfied;Satisfied;Satisfied;35.943325;-79.059736;35.9422666017,-79.0593685868
238;Satisfied;Neutral;Neutral;Satisfied;Dissatisfied;Neutral;Satisfied;Neutral;Satisfied;35.95774;-79.040327;35.9562938177,-79.0393144515
132;Satisfied;Satisfied;Satisfied;Satisfied;Satisfied;Satisfied;Satisfied;Very Satisfied;Satisfied;35.958955;-79.051448;35.9584553166,-79.0498672651
150;Satisfied;Satisfied;Satisfied;Satisfied;Satisfied;Satisfied;Satisfied;Satisfied;Satisfied;35.956477;-79.046152;35.9564523474,-79.0439705953
410;Satisfied;Very Satisfied;Satisfied;Satisfied;Neutral;Satisfied;Satisfied;Satisfied;Satisfied;35.948211;-79.019343;35.9459501749,-79.0197925493
376;Satisfied;Very Satisfied;Satisfied;Very Satisfied;Satisfied;Satisfied;Very Satisfied;Satisfied;Satisfied;35.900632;-79.037183;35.9021819357,-79.0350446969
